company,domain,size,country,public_evidence,source_url,operator_name,operator_title,operator_linkedin,signal,unverified_hypothesis
Hunter Bond,hunterbond.com,11-50,UK,Global finance & technology recruitment across multiple specialist functions.,https://www.hunterbond.com,Ben Woodhouse,Director/Headhunter - Global Head of Financial Technology,https://www.linkedin.com/in/benjackwoodhouse/,multi-market specialist recruitment + candidate/client handoffs,Probe whether prospect/candidate follow-up or handoff visibility is a repeated operational bottleneck.
Petroplan,petroplan.com,51-200,UK,"10,000 placements in 55+ countries for 550+ clients across 65 disciplines.",http://www.petroplan.com,Neil Bradshaw,Regional Director - EMEA,https://www.linkedin.com/in/neil-bradshaw-a851415a/,high-volume global placement operation,"Probe where follow-up, routing, status tracking, or proposal/admin work creates delay across regions."
Meet Life Sciences,meetlifesciences.com,51-200,UK,Global life-sciences recruitment with a connected ecosystem of talent solutions.,https://www.meetlifesciences.com,Naveed Pritchard,Director,https://www.linkedin.com/in/naveedpritchard/,multi-solution recruitment delivery,Probe where candidate/client context gets duplicated or lost across service lines.
Storm2,storm2.com,51-200,US,"Specialist FinTech executive search, permanent staffing and contingent staffing from New York and London.",https://www.storm2.com,Katherine Farquharson,Director - North America,https://www.linkedin.com/in/katherine-farquharson-5140a2173/,multiple staffing motions + two-region operation,"Probe qualification, follow-up and handoff friction between sourcing, client conversations and delivery."
Cypress HCM,cypresshcm.com,51-200,US,Nationwide staffing firm focused on precision matching candidates to employers.,https://www.cypresshcm.com,Mark Lillig,CEO,https://www.linkedin.com/in/marklillig/,high-touch matching and client/candidate coordination,Probe repeated admin/follow-up work around candidate matching and client status visibility.
Spencer Ogden,spencer-ogden.com,201-500,UK,"Global recruitment partner with 11 offices across EMEA, APAC and the Americas.",http://www.spencer-ogden.com/,Simon Lascelles,Managing Partner,https://www.linkedin.com/in/simonlascelles/,11-office multi-region delivery,"Probe where cross-office workflow, follow-up and CRM state becomes expensive or slow."
Harnham,harnham.com,201-500,UK,"Data & AI recruitment and staffing across UK, US and EU with multiple service lines.",http://www.harnham.com,Cindy Walusiak,Senior Growth Manager,https://www.linkedin.com/in/cindy-walusiak-54b73767/,multi-region multi-service GTM,"Probe where lead research, enrichment, follow-up or attribution requires manual work."
24 Seven Talent,24seventalent.com,201-500,US,"Global staffing plus AI consulting, embedded teams, agency services and executive recruitment.",http://www.24seventalent.com,Nicole Vanore Tebo,Senior Executive Vice President,https://www.linkedin.com/in/nicole-vanore-tebo-103ab63/,broad service portfolio + global delivery,Probe lead routing and follow-up across multiple service offerings.
RED Global,redglobal.com,201-500,UK,"Global tech recruitment with 350+ employees, 9 offices and 45,000+ placements.",http://www.redglobal.com,Jue Hou,Managing Director,https://www.linkedin.com/in/juehou/,large multi-office recruiting operation,"Probe cross-office prospect/candidate routing, follow-up and status visibility."
Hire Rightt,hirerightt.com,11-50,UAE,"Executive search firm established in Dubai, serving global clients with 10,000+ candidate placements.",http://www.hirerightt.com,Manu Deep Kalra,"Founder and Global Sales Director - North America, Middle East & India",https://www.linkedin.com/in/hirerightt/,founder-led multi-region sales + recruitment,"Probe founder-level admin load, follow-up and pipeline visibility across regions."
